{
  "timestamp": "20251030_103505",
  "models": {
    "CNN": {
      "mse": 0.019988308567553757,
      "mae": 0.5337058365345001,
      "rmse": 0.14138001473883696
    },
    "MLP": {
      "mse": 12.96045961380005,
      "mae": 12.990430641174317,
      "rmse": 3.600063834684053
    }
  },
  "best_model": "CNN",
  "improvement": {
    "mse_difference": 12.940471305232496,
    "mae_difference": 12.456724804639817
  }
}